id,imperial_weight_min,imperial_weight_max,metric_weight_min,metric_weight_max,imperial_height_min,imperial_height_max,metric_height_min,metric_height_max,name,bred_for,breed_group,life_span_min,life_span_max,temperament,origin,reference_image_id,image,country_code
1,6,13,3,6,9,11.5,23,29,Affenpinscher,"Small rodent hunting, lapdog",Toy,10,12,"Stubborn, Curious, Playful, Adventurous, Active, Fun-loving","Germany, France",BJa4kxc4X,"{'id': 'BJa4kxc4X', 'width': 1600, 'height': 1199, 'url': 'https://cdn2.thedogapi.com/images/BJa4kxc4X.jpg'}",
2,50,60,23,27,25,27,64,69,Afghan Hound,Coursing and hunting,Hound,10,13,"Aloof, Clownish, Dignified, Independent, Happy","Afghanistan, Iran, Pakistan",hMyT4CDXR,"{'id': 'hMyT4CDXR', 'width': 606, 'height': 380, 'url': 'https://cdn2.thedogapi.com/images/hMyT4CDXR.jpg'}",AG
3,44,66,20,30,30,30,76,76,African Hunting Dog,A wild pack animal,,11,11,"Wild, Hardworking, Dutiful",,rkiByec47,"{'id': 'rkiByec47', 'width': 500, 'height': 335, 'url': 'https://cdn2.thedogapi.com/images/rkiByec47.jpg'}",
4,40,65,18,29,21,23,53,58,Airedale Terrier,"Badger, otter hunting",Terrier,10,13,"Outgoing, Friendly, Alert, Confident, Intelligent, Courageous","United Kingdom, England",1-7cgoZSh,"{'id': '1-7cgoZSh', 'width': 645, 'height': 430, 'url': 'https://cdn2.thedogapi.com/images/1-7cgoZSh.jpg'}",
5,90,120,41,54,28,34,71,86,Akbash Dog,Sheep guarding,Working,10,12,"Loyal, Independent, Intelligent, Brave",,26pHT3Qk7,"{'id': '26pHT3Qk7', 'width': 600, 'height': 471, 'url': 'https://cdn2.thedogapi.com/images/26pHT3Qk7.jpg'}",
6,65,115,29,52,24,28,61,71,Akita,Hunting bears,Working,10,14,"Docile, Alert, Responsive, Dignified, Composed, Friendly, Receptive, Faithful, Courageous",,BFRYBufpm,"{'id': 'BFRYBufpm', 'width': 1280, 'height': 853, 'url': 'https://cdn2.thedogapi.com/images/BFRYBufpm.jpg'}",
7,55,90,25,41,18,24,46,61,Alapaha Blue Blood Bulldog,Guarding,Mixed,12,13,"Loving, Protective, Trainable, Dutiful, Responsible",,33mJ-V3RX,"{'id': '33mJ-V3RX', 'width': 1828, 'height': 2065, 'url': 'https://cdn2.thedogapi.com/images/33mJ-V3RX.jpg'}",
8,38,50,17,23,23,26,58,66,Alaskan Husky,Sled pulling,Mixed,10,13,"Friendly, Energetic, Loyal, Gentle, Confident",,-HgpNnGXl,"{'id': '-HgpNnGXl', 'width': 500, 'height': 500, 'url': 'https://cdn2.thedogapi.com/images/-HgpNnGXl.jpg'}",
9,65,100,29,45,23,25,58,64,Alaskan Malamute,"Hauling heavy freight, Sled pulling",Working,12,15,"Friendly, Affectionate, Devoted, Loyal, Dignified, Playful",,dW5UucTIW,"{'id': 'dW5UucTIW', 'width': 1023, 'height': 769, 'url': 'https://cdn2.thedogapi.com/images/dW5UucTIW.jpg'}",
10,60,120,27,54,22,27,56,69,American Bulldog,,Working,10,12,"Friendly, Assertive, Energetic, Loyal, Gentle, Confident, Dominant",,pk1AAdloG,"{'id': 'pk1AAdloG', 'width': 1669, 'height': 1377, 'url': 'https://cdn2.thedogapi.com/images/pk1AAdloG.jpg'}",
11,30,150,14,68,14,17,36,43,American Bully,Family companion dog,,8,15,"Strong Willed, Stubborn, Friendly, Clownish, Affectionate, Loyal, Obedient, Intelligent, Courageous",,sqQJDtbpY,"{'id': 'sqQJDtbpY', 'width': 1024, 'height': 683, 'url': 'https://cdn2.thedogapi.com/images/sqQJDtbpY.jpg'}",US
12,20,40,9,18,15,19,38,48,American Eskimo Dog,Circus performer,Non-Sporting,12,15,"Friendly, Alert, Reserved, Intelligent, Protective",,Bymjyec4m,"{'id': 'Bymjyec4m', 'width': 1000, 'height': 802, 'url': 'https://cdn2.thedogapi.com/images/Bymjyec4m.jpg'}",US
13,7,10,3,5,9,12,23,30,American Eskimo Dog (Miniature),Companionship,,13,15,"Friendly, Alert, Reserved, Intelligent, Protective",,_gn8GLrE6,"{'id': '_gn8GLrE6', 'width': 730, 'height': 487, 'url': 'https://cdn2.thedogapi.com/images/_gn8GLrE6.jpg'}",US
14,65,75,29,34,21,28,53,71,American Foxhound,"Fox hunting, scent hound",Hound,8,15,"Kind, Sweet-Tempered, Loyal, Independent, Intelligent, Loving",,S14n1x9NQ,"{'id': 'S14n1x9NQ', 'width': 3000, 'height': 2400, 'url': 'https://cdn2.thedogapi.com/images/S14n1x9NQ.jpg'}",US
15,30,60,14,27,17,21,43,53,American Pit Bull Terrier,Fighting,Terrier,10,15,"Strong Willed, Stubborn, Friendly, Clownish, Affectionate, Loyal, Obedient, Intelligent, Courageous",,HkC31gcNm,"{'id': 'HkC31gcNm', 'width': 300, 'height': 244, 'url': 'https://cdn2.thedogapi.com/images/HkC31gcNm.png'}",US
16,50,60,23,27,17,19,43,48,American Staffordshire Terrier,,Terrier,12,15,"Tenacious, Friendly, Devoted, Loyal, Attentive, Courageous",,rJIakgc4m,"{'id': 'rJIakgc4m', 'width': 357, 'height': 500, 'url': 'https://cdn2.thedogapi.com/images/rJIakgc4m.jpg'}",US
17,25,45,11,20,15,18,38,46,American Water Spaniel,Bird flushing and retrieving,Sporting,10,12,"Friendly, Energetic, Obedient, Intelligent, Protective, Trainable",,SkmRJl9VQ,"{'id': 'SkmRJl9VQ', 'width': 1600, 'height': 1264, 'url': 'https://cdn2.thedogapi.com/images/SkmRJl9VQ.jpg'}",US
18,80,150,36,68,27,29,69,74,Anatolian Shepherd Dog,Livestock herding,Working,11,13,"Steady, Bold, Independent, Confident, Intelligent, Proud",,BJT0Jx5Nm,"{'id': 'BJT0Jx5Nm', 'width': 1216, 'height': 1131, 'url': 'https://cdn2.thedogapi.com/images/BJT0Jx5Nm.jpg'}",
19,48,55,22,25,20,22,51,56,Appenzeller Sennenhund,"Herding livestock, pulling carts, and guarding the farm",,12,14,"Reliable, Fearless, Energetic, Lively, Self-assured",,HkNkxlqEX,"{'id': 'HkNkxlqEX', 'width': 400, 'height': 600, 'url': 'https://cdn2.thedogapi.com/images/HkNkxlqEX.jpg'}",
21,44,62,20,28,17,20,43,51,Australian Cattle Dog,"Cattle herding, herding trials",Herding,12,14,"Cautious, Energetic, Loyal, Obedient, Protective, Brave",,IBkYVm4v1,"{'id': 'IBkYVm4v1', 'width': 736, 'height': 850, 'url': 'https://cdn2.thedogapi.com/images/IBkYVm4v1.jpg'}",AU
22,31,46,14,21,17,20,43,51,Australian Kelpie,"Farm dog, Cattle herding",Herding,10,13,"Friendly, Energetic, Alert, Loyal, Intelligent, Eager",,Hyq1ge9VQ,"{'id': 'Hyq1ge9VQ', 'width': 800, 'height': 533, 'url': 'https://cdn2.thedogapi.com/images/Hyq1ge9VQ.jpg'}",AU
23,35,65,16,29,18,23,46,58,Australian Shepherd,Sheep herding,Herding,12,16,"Good-natured, Affectionate, Intelligent, Active, Protective",,B1-llgq4m,"{'id': 'B1-llgq4m', 'width': 1200, 'height': 733, 'url': 'https://cdn2.thedogapi.com/images/B1-llgq4m.jpg'}",AU
24,14,16,6,7,10,11,25,28,Australian Terrier,"Cattle herdering, hunting snakes and rodents",Terrier,15,15,"Spirited, Alert, Loyal, Companionable, Even Tempered, Courageous",,r1Ylge5Vm,"{'id': 'r1Ylge5Vm', 'width': 1081, 'height': 720, 'url': 'https://cdn2.thedogapi.com/images/r1Ylge5Vm.jpg'}",AU
25,33,55,15,25,23,29,58,74,Azawakh,"Livestock guardian, hunting",Hound,10,13,"Aloof, Affectionate, Attentive, Rugged, Fierce, Refined",,SkvZgx94m,"{'id': 'SkvZgx94m', 'width': 1024, 'height': 768, 'url': 'https://cdn2.thedogapi.com/images/SkvZgx94m.jpg'}",
26,40,65,18,29,20,26,51,66,Barbet,Hunting water game,,13,15,"Obedient, Companionable, Intelligent, Joyful",,HyWGexcVQ,"{'id': 'HyWGexcVQ', 'width': 853, 'height': 1280, 'url': 'https://cdn2.thedogapi.com/images/HyWGexcVQ.jpg'}",
28,22,24,10,11,16,17,41,43,Basenji,Hunting,Hound,10,12,"Affectionate, Energetic, Alert, Curious, Playful, Intelligent",,H1dGlxqNQ,"{'id': 'H1dGlxqNQ', 'width': 740, 'height': 493, 'url': 'https://cdn2.thedogapi.com/images/H1dGlxqNQ.jpg'}",
29,35,40,16,18,13,15,33,38,Basset Bleu de Gascogne,Hunting on foot.,Hound,10,14,"Affectionate, Lively, Agile, Curious, Happy, Active",,BkMQll94X,"{'id': 'BkMQll94X', 'width': 1280, 'height': 853, 'url': 'https://cdn2.thedogapi.com/images/BkMQll94X.jpg'}",
30,50,65,23,29,14,14,36,36,Basset Hound,Hunting by scent,Hound,12,15,"Tenacious, Friendly, Affectionate, Devoted, Sweet-Tempered, Gentle",,Sy57xx9EX,"{'id': 'Sy57xx9EX', 'width': 1024, 'height': 640, 'url': 'https://cdn2.thedogapi.com/images/Sy57xx9EX.jpg'}",
31,20,35,9,16,13,15,33,38,Beagle,"Rabbit, hare hunting",Hound,13,16,"Amiable, Even Tempered, Excitable, Determined, Gentle, Intelligent",,Syd4xxqEm,"{'id': 'Syd4xxqEm', 'width': 1000, 'height': 667, 'url': 'https://cdn2.thedogapi.com/images/Syd4xxqEm.jpg'}",
32,45,55,20,25,20,22,51,56,Bearded Collie,Sheep herding,Herding,12,14,"Self-confidence, Hardy, Lively, Alert, Intelligent, Active",,A09F4c1qP,"{'id': 'A09F4c1qP', 'width': 733, 'height': 733, 'url': 'https://cdn2.thedogapi.com/images/A09F4c1qP.jpg'}",
33,80,110,36,50,24,27.5,61,70,Beauceron,"Boar herding, hunting, guarding",Herding,10,12,"Fearless, Friendly, Intelligent, Protective, Calm",,HJQ8ge5V7,"{'id': 'HJQ8ge5V7', 'width': 720, 'height': 563, 'url': 'https://cdn2.thedogapi.com/images/HJQ8ge5V7.jpg'}",
34,17,23,8,10,15,16,38,41,Bedlington Terrier,"Killing rat, badger, other vermin",Terrier,14,16,"Affectionate, Spirited, Intelligent, Good-tempered",,ByK8gx947,"{'id': 'ByK8gx947', 'width': 804, 'height': 531, 'url': 'https://cdn2.thedogapi.com/images/ByK8gx947.jpg'}",
36,40,80,18,36,22,26,56,66,Belgian Malinois,Stock herding,Herding,12,14,"Watchful, Alert, Stubborn, Friendly, Confident, Hard-working, Active, Protective",,r1f_ll5VX,"{'id': 'r1f_ll5VX', 'width': 604, 'height': 453, 'url': 'https://cdn2.thedogapi.com/images/r1f_ll5VX.jpg'}",
38,40,65,18,29,22,26,56,66,Belgian Tervuren,"Guarding, Drafting, Police work.",Herding,10,12,"Energetic, Alert, Loyal, Intelligent, Attentive, Protective",,B1KdxlcNX,"{'id': 'B1KdxlcNX', 'width': 645, 'height': 380, 'url': 'https://cdn2.thedogapi.com/images/B1KdxlcNX.jpg'}",
41,65,120,29,54,23,27.5,58,70,Bernese Mountain Dog,Draft work,Working,7,10,"Affectionate, Loyal, Intelligent, Faithful",,S1fFlx5Em,"{'id': 'S1fFlx5Em', 'width': 640, 'height': 427, 'url': 'https://cdn2.thedogapi.com/images/S1fFlx5Em.jpg'}",
42,10,18,5,8,9.5,11.5,24,29,Bichon Frise,Companion,Non-Sporting,15,15,"Feisty, Affectionate, Cheerful, Playful, Gentle, Sensitive",,HkuYlxqEQ,"{'id': 'HkuYlxqEQ', 'width': 480, 'height': 360, 'url': 'https://cdn2.thedogapi.com/images/HkuYlxqEQ.jpg'}",
43,65,100,29,45,23,27,58,69,Black and Tan Coonhound,"Hunting raccoons, night hunting",Hound,10,12,"Easygoing, Gentle, Adaptable, Trusting, Even Tempered, Lovable",,HJAFgxcNQ,"{'id': 'HJAFgxcNQ', 'width': 556, 'height': 380, 'url': 'https://cdn2.thedogapi.com/images/HJAFgxcNQ.jpg'}",
45,80,110,36,50,23,27,58,69,Bloodhound,Trailing,Hound,8,10,"Stubborn, Affectionate, Gentle, Even Tempered",,Skdcgx9VX,"{'id': 'Skdcgx9VX', 'width': 586, 'height': 600, 'url': 'https://cdn2.thedogapi.com/images/Skdcgx9VX.jpg'}",
47,45,80,20,36,21,27,53,69,Bluetick Coonhound,Hunting with a superior sense of smell.,Hound,12,14,"Friendly, Intelligent, Active",,rJxieg9VQ,"{'id': 'rJxieg9VQ', 'width': 731, 'height': 599, 'url': 'https://cdn2.thedogapi.com/images/rJxieg9VQ.jpg'}",
48,110,200,50,91,22,27,56,69,Boerboel,"Guarding the homestead, farm work.",Working,10,12,"Obedient, Confident, Intelligent, Dominant, Territorial",,HyOjge5Vm,"{'id': 'HyOjge5Vm', 'width': 1200, 'height': 669, 'url': 'https://cdn2.thedogapi.com/images/HyOjge5Vm.jpg'}",
50,30,45,14,20,18,22,46,56,Border Collie,Sheep herder,Herding,12,16,"Tenacious, Keen, Energetic, Responsive, Alert, Intelligent",,sGQvQUpsp,"{'id': 'sGQvQUpsp', 'width': 1080, 'height': 1080, 'url': 'https://cdn2.thedogapi.com/images/sGQvQUpsp.jpg'}",
51,11.5,15.5,5,7,11,16,28,41,Border Terrier,"Fox bolting, ratting",Terrier,12,14,"Fearless, Affectionate, Alert, Obedient, Intelligent, Even Tempered",,HJOpge9Em,"{'id': 'HJOpge9Em', 'width': 674, 'height': 450, 'url': 'https://cdn2.thedogapi.com/images/HJOpge9Em.jpg'}",
53,10,25,5,11,16,17,41,43,Boston Terrier,"Ratting, Companionship",Non-Sporting,11,13,"Friendly, Lively, Intelligent",,rkZRggqVX,"{'id': 'rkZRggqVX', 'width': 1010, 'height': 673, 'url': 'https://cdn2.thedogapi.com/images/rkZRggqVX.jpg'}",
54,70,110,32,50,23.5,27.5,60,70,Bouvier des Flandres,Cattle herding,Herding,10,15,"Protective, Loyal, Gentle, Intelligent, Familial, Rational",,Byd0xl5VX,"{'id': 'Byd0xl5VX', 'width': 680, 'height': 454, 'url': 'https://cdn2.thedogapi.com/images/Byd0xl5VX.jpg'}",
55,50,70,23,32,21.5,25,55,64,Boxer,"Bull-baiting, guardian",Working,8,10,"Devoted, Fearless, Friendly, Cheerful, Energetic, Loyal, Playful, Confident, Intelligent, Bright, Brave, Calm",,ry1kWe5VQ,"{'id': 'ry1kWe5VQ', 'width': 645, 'height': 430, 'url': 'https://cdn2.thedogapi.com/images/ry1kWe5VQ.jpg'}",
56,25,40,11,18,14,18,36,46,Boykin Spaniel,Turkey retrieving,Sporting,10,14,"Friendly, Energetic, Companionable, Intelligent, Eager, Trainable",,ryHJZlcNX,"{'id': 'ryHJZlcNX', 'width': 577, 'height': 634, 'url': 'https://cdn2.thedogapi.com/images/ryHJZlcNX.jpg'}",
57,55,88,25,40,21.5,26.5,55,67,Bracco Italiano,Versatile gun dog,Sporting,10,12,"Stubborn, Affectionate, Loyal, Playful, Companionable, Trainable",,S13yZg5VQ,"{'id': 'S13yZg5VQ', 'width': 750, 'height': 505, 'url': 'https://cdn2.thedogapi.com/images/S13yZg5VQ.jpg'}",
58,70,90,32,41,22,27,56,69,Briard,"Herding, guarding sheep",Herding,10,12,"Fearless, Loyal, Obedient, Intelligent, Faithful, Protective",,rkVlblcEQ,"{'id': 'rkVlblcEQ', 'width': 768, 'height': 576, 'url': 'https://cdn2.thedogapi.com/images/rkVlblcEQ.jpg'}",
59,30,45,14,20,17.5,20.5,44,52,Brittany,"Pointing, retrieving",Sporting,12,14,"Agile, Adaptable, Quick, Intelligent, Attentive, Happy",,HJWZZxc4X,"{'id': 'HJWZZxc4X', 'width': 900, 'height': 600, 'url': 'https://cdn2.thedogapi.com/images/HJWZZxc4X.jpg'}",
61,50,70,23,32,21,22,53,56,Bull Terrier,"Bull baiting, Fighting",Terrier,10,12,"Trainable, Protective, Sweet-Tempered, Keen, Active",,VSraIEQGd,"{'id': 'VSraIEQGd', 'width': 1080, 'height': 1080, 'url': 'https://cdn2.thedogapi.com/images/VSraIEQGd.jpg'}",
62,25,33,11,15,10,14,25,36,Bull Terrier (Miniature),An elegant man's fashion statement,,11,14,"Trainable, Protective, Sweet-Tempered, Keen, Active, Territorial",,BkKZWlcVX,"{'id': 'BkKZWlcVX', 'width': 674, 'height': 450, 'url': 'https://cdn2.thedogapi.com/images/BkKZWlcVX.jpg'}",
64,100,130,45,59,24,27,61,69,Bullmastiff,Estate guardian,Working,8,12,"Docile, Reliable, Devoted, Alert, Loyal, Reserved, Loving, Protective, Powerful, Calm, Courageous",,r1ifZl5E7,"{'id': 'r1ifZl5E7', 'width': 850, 'height': 638, 'url': 'https://cdn2.thedogapi.com/images/r1ifZl5E7.jpg'}",
65,13,14,6,6,9,10,23,25,Cairn Terrier,"Bolting of otter, foxes, other vermin",Terrier,14,15,"Hardy, Fearless, Assertive, Gay, Intelligent, Active",,Sk7Qbg9E7,"{'id': 'Sk7Qbg9E7', 'width': 1254, 'height': 836, 'url': 'https://cdn2.thedogapi.com/images/Sk7Qbg9E7.jpg'}",
67,88,120,40,54,23.5,27.5,60,70,Cane Corso,"Companion, guard dog, and hunter",Working,10,11,"Trainable, Reserved, Stable, Quiet, Even Tempered, Calm",,r15m-lc4m,"{'id': 'r15m-lc4m', 'width': 645, 'height': 380, 'url': 'https://cdn2.thedogapi.com/images/r15m-lc4m.jpg'}",
68,25,38,11,17,10.5,12.5,27,32,Cardigan Welsh Corgi,Cattle droving,Herding,12,14,"Affectionate, Devoted, Alert, Companionable, Intelligent, Active",,SyXN-e9NX,"{'id': 'SyXN-e9NX', 'width': 800, 'height': 600, 'url': 'https://cdn2.thedogapi.com/images/SyXN-e9NX.jpg'}",
69,50,95,23,43,20,26,51,66,Catahoula Leopard Dog,Driving livestock,Herding,10,12,"Energetic, Inquisitive, Independent, Gentle, Intelligent, Loving",,BJcNbec4X,"{'id': 'BJcNbec4X', 'width': 650, 'height': 650, 'url': 'https://cdn2.thedogapi.com/images/BJcNbec4X.jpg'}",
70,80,100,36,45,24,33.5,61,85,Caucasian Shepherd (Ovcharka),"Guard dogs, defending sheep from predators, mainly wolves, jackals and bears",Working,10,12,"Alert, Quick, Dominant, Powerful, Calm, Strong",,r1rrWe5Em,"{'id': 'r1rrWe5Em', 'width': 1024, 'height': 682, 'url': 'https://cdn2.thedogapi.com/images/r1rrWe5Em.jpg'}",
71,13,18,6,8,12,13,30,33,Cavalier King Charles Spaniel,"Flushing small birds, companion",Toy,10,14,"Fearless, Affectionate, Sociable, Patient, Playful, Adaptable",,HJRBbe94Q,"{'id': 'HJRBbe94Q', 'width': 961, 'height': 558, 'url': 'https://cdn2.thedogapi.com/images/HJRBbe94Q.jpg'}",
76,55,80,25,36,21,26,53,66,Chesapeake Bay Retriever,Water Retriever,Sporting,10,13,"Affectionate, Intelligent, Quiet, Dominant, Happy, Protective",,9BXwUeCc2,"{'id': '9BXwUeCc2', 'width': 600, 'height': 600, 'url': 'https://cdn2.thedogapi.com/images/9BXwUeCc2.jpg'}",
78,10,13,5,6,11,13,28,33,Chinese Crested,"Ratting, lapdog, curio",Toy,10,14,"Affectionate, Sweet-Tempered, Lively, Alert, Playful, Happy",,B1pDZx9Nm,"{'id': 'B1pDZx9Nm', 'width': 1200, 'height': 798, 'url': 'https://cdn2.thedogapi.com/images/B1pDZx9Nm.jpg'}",
79,45,60,20,27,18,20,46,51,Chinese Shar-Pei,Fighting,Non-Sporting,10,10,"Suspicious, Affectionate, Devoted, Reserved, Independent, Loving",,B1ruWl94Q,"{'id': 'B1ruWl94Q', 'width': 1049, 'height': 761, 'url': 'https://cdn2.thedogapi.com/images/B1ruWl94Q.jpg'}",
80,50,90,23,41,22,26,56,66,Chinook,Sled pulling,Working,12,15,"Friendly, Alert, Dignified, Intelligent, Calm",,Sypubg54Q,"{'id': 'Sypubg54Q', 'width': 600, 'height': 478, 'url': 'https://cdn2.thedogapi.com/images/Sypubg54Q.jpg'}",
81,40,70,18,32,17,20,43,51,Chow Chow,"Guardian, cart pulling, hunting",Non-Sporting,12,15,"Aloof, Loyal, Independent, Quiet",,ry8KWgqEQ,"{'id': 'ry8KWgqEQ', 'width': 1010, 'height': 673, 'url': 'https://cdn2.thedogapi.com/images/ry8KWgqEQ.jpg'}",
84,55,85,25,39,17,20,43,51,Clumber Spaniel,"Bird flushing, retrieving",Sporting,10,12,"Affectionate, Loyal, Dignified, Gentle, Calm, Great-hearted",,rkeqWgq4Q,"{'id': 'rkeqWgq4Q', 'width': 762, 'height': 533, 'url': 'https://cdn2.thedogapi.com/images/rkeqWgq4Q.jpg'}",
86,20,30,9,14,14,15,36,38,Cocker Spaniel,"Bird flushing, retrieving",Sporting,12,15,"Trainable, Friendly, Affectionate, Playful, Quiet, Faithful",,1lFmrzECl,"{'id': '1lFmrzECl', 'width': 1080, 'height': 1080, 'url': 'https://cdn2.thedogapi.com/images/1lFmrzECl.jpg'}",
87,20,30,9,14,14,15,36,38,Cocker Spaniel (American),Hunting the American woodcock,Sporting,12,15,"Outgoing, Sociable, Trusting, Joyful, Even Tempered, Merry",,HkRcZe547,"{'id': 'HkRcZe547', 'width': 1024, 'height': 640, 'url': 'https://cdn2.thedogapi.com/images/HkRcZe547.jpg'}",
89,9,15,4,7,9,11,23,28,Coton de Tulear,"Accompanying ladies on long sea voyages, ratters onboard ship.",Non-Sporting,13,16,"Affectionate, Lively, Playful, Intelligent, Trainable, Vocal",,SyviZlqNm,"{'id': 'SyviZlqNm', 'width': 2464, 'height': 1638, 'url': 'https://cdn2.thedogapi.com/images/SyviZlqNm.jpg'}",
92,50,55,23,25,19,23,48,58,Dalmatian,Carriage dog - trot alongside carriages to protect the occupants from banditry or other interference,Non-Sporting,10,13,"Outgoing, Friendly, Energetic, Playful, Sensitive, Intelligent, Active",,SkJ3blcN7,"{'id': 'SkJ3blcN7', 'width': 1200, 'height': 800, 'url': 'https://cdn2.thedogapi.com/images/SkJ3blcN7.jpg'}",
94,66,88,30,40,24,28,61,71,Doberman Pinscher,Guardian,Working,10,10,"Fearless, Energetic, Alert, Loyal, Obedient, Confident, Intelligent",,HyL3bl94Q,"{'id': 'HyL3bl94Q', 'width': 1140, 'height': 640, 'url': 'https://cdn2.thedogapi.com/images/HyL3bl94Q.jpg'}",
95,80,100,36,45,23.5,27,60,69,Dogo Argentino,Big-game hunting,Working,10,12,"Friendly, Affectionate, Cheerful, Loyal, Tolerant, Protective",,S1nhWx94Q,"{'id': 'S1nhWx94Q', 'width': 650, 'height': 467, 'url': 'https://cdn2.thedogapi.com/images/S1nhWx94Q.jpg'}",
98,50,70,23,32,22,24.5,56,62,Dutch Shepherd,"Farms, watchdog, guard duty",,15,15,"Reliable, Affectionate, Alert, Loyal, Obedient, Trainable",,BkE6Wg5E7,"{'id': 'BkE6Wg5E7', 'width': 856, 'height': 511, 'url': 'https://cdn2.thedogapi.com/images/BkE6Wg5E7.jpg'}",
101,45,80,20,36,24,25,61,64,English Setter,"Bird setting, retrieving",Sporting,12,12,"Strong Willed, Mischievous, Affectionate, Energetic, Playful, Companionable, Gentle, Hard-working, Intelligent, Eager, People-Oriented",,By4A-eqVX,"{'id': 'By4A-eqVX', 'width': 1024, 'height': 683, 'url': 'https://cdn2.thedogapi.com/images/By4A-eqVX.jpg'}",
102,44,66,20,30,18,23,46,58,English Shepherd,"Herding & guarding livestock, farm watch dog",Working,10,13,"Kind, Energetic, Independent, Adaptable, Intelligent, Bossy",,H1QyMe5EQ,"{'id': 'H1QyMe5EQ', 'width': 1920, 'height': 1280, 'url': 'https://cdn2.thedogapi.com/images/H1QyMe5EQ.jpg'}",
103,35,50,16,23,19,20,48,51,English Springer Spaniel,"Bird flushing, retrieving",Sporting,12,14,"Affectionate, Cheerful, Alert, Intelligent, Attentive, Active",,Hk0Jfe5VQ,"{'id': 'Hk0Jfe5VQ', 'width': 1440, 'height': 1080, 'url': 'https://cdn2.thedogapi.com/images/Hk0Jfe5VQ.jpg'}",
104,8,14,4,6,10,10,25,25,English Toy Spaniel,Companion of kings,Toy,10,12,"Affectionate, Reserved, Playful, Gentle, Happy, Loving",,SkIgzxqNQ,"{'id': 'SkIgzxqNQ', 'width': 800, 'height': 696, 'url': 'https://cdn2.thedogapi.com/images/SkIgzxqNQ.jpg'}",
105,6,8,3,4,10,12,25,30,English Toy Terrier,Rat-baiting,,12,13,"Stubborn, Alert, Companionable, Intelligent, Cunning, Trainable",,SJ6eMxqEQ,"{'id': 'SJ6eMxqEQ', 'width': 645, 'height': 430, 'url': 'https://cdn2.thedogapi.com/images/SJ6eMxqEQ.jpg'}",
107,40,70,18,32,20.5,23.5,52,60,Eurasier,Companionship,Non-Sporting,12,14,"Alert, Reserved, Intelligent, Even Tempered, Watchful, Calm",,S1VWGx9Nm,"{'id': 'S1VWGx9Nm', 'width': 800, 'height': 532, 'url': 'https://cdn2.thedogapi.com/images/S1VWGx9Nm.jpg'}",
108,35,50,16,23,17,18,43,46,Field Spaniel,"Bird flushing, retrieving",Sporting,11,15,"Docile, Cautious, Sociable, Sensitive, Adaptable, Familial",,SkJfGecE7,"{'id': 'SkJfGecE7', 'width': 1280, 'height': 906, 'url': 'https://cdn2.thedogapi.com/images/SkJfGecE7.jpg'}",
110,33,53,15,24,16,21,41,53,Finnish Lapphund,Herding reindeer,Herding,12,15,"Friendly, Keen, Faithful, Calm, Courageous",,S1KMGg5Vm,"{'id': 'S1KMGg5Vm', 'width': 1066, 'height': 800, 'url': 'https://cdn2.thedogapi.com/images/S1KMGg5Vm.jpg'}",
111,23,28,10,13,15.5,20,39,51,Finnish Spitz,"Hunting birds, small mammals",Non-Sporting,12,15,"Playful, Loyal, Independent, Intelligent, Happy, Vocal",,3PjHlQbkV,"{'id': '3PjHlQbkV', 'width': 500, 'height': 417, 'url': 'https://cdn2.thedogapi.com/images/3PjHlQbkV.jpg'}",
113,28,28,13,13,11,12,28,30,French Bulldog,Lapdog,Non-Sporting,9,11,"Playful, Affectionate, Keen, Sociable, Lively, Alert, Easygoing, Patient, Athletic, Bright",,HyWNfxc47,"{'id': 'HyWNfxc47', 'width': 740, 'height': 430, 'url': 'https://cdn2.thedogapi.com/images/HyWNfxc47.jpg'}",
114,25,45,11,20,17,20,43,51,German Pinscher,"Watchdog, Hunting vermin on the farm.",Working,12,14,"Spirited, Lively, Intelligent, Loving, Even Tempered, Familial",,B1u4zgqE7,"{'id': 'B1u4zgqE7', 'width': 740, 'height': 480, 'url': 'https://cdn2.thedogapi.com/images/B1u4zgqE7.jpg'}",
115,50,90,23,41,22,26,56,66,German Shepherd Dog,"Herding, Guard dog",Herding,10,13,"Alert, Loyal, Obedient, Curious, Confident, Intelligent, Watchful, Courageous",,SJyBfg5NX,"{'id': 'SJyBfg5NX', 'width': 600, 'height': 425, 'url': 'https://cdn2.thedogapi.com/images/SJyBfg5NX.jpg'}",
116,45,70,20,32,21,25,53,64,German Shorthaired Pointer,General hunting,Sporting,12,14,"Boisterous, Bold, Affectionate, Intelligent, Cooperative, Trainable",,SJqBMg5Nm,"{'id': 'SJqBMg5Nm', 'width': 1395, 'height': 1230, 'url': 'https://cdn2.thedogapi.com/images/SJqBMg5Nm.jpg'}",
119,65,90,29,41,23.5,27.5,60,70,Giant Schnauzer,"Herding, guarding",Working,10,12,"Strong Willed, Kind, Loyal, Intelligent, Dominant, Powerful",,H1NIzlcV7,"{'id': 'H1NIzlcV7', 'width': 900, 'height': 600, 'url': 'https://cdn2.thedogapi.com/images/H1NIzlcV7.jpg'}",
120,32,40,15,18,12.5,14,32,36,Glen of Imaal Terrier,"Rid the home and farm of vermin, and hunt badger and fox",Terrier,12,15,"Spirited, Agile, Loyal, Gentle, Active, Courageous",,H1oLMe94m,"{'id': 'H1oLMe94m', 'width': 645, 'height': 380, 'url': 'https://cdn2.thedogapi.com/images/H1oLMe94m.jpg'}",
121,55,75,25,34,21.5,24,55,61,Golden Retriever,Retrieving,Sporting,10,12,"Intelligent, Kind, Reliable, Friendly, Trustworthy, Confident",,HJ7Pzg5EQ,"{'id': 'HJ7Pzg5EQ', 'width': 900, 'height': 652, 'url': 'https://cdn2.thedogapi.com/images/HJ7Pzg5EQ.jpg'}",
123,45,80,20,36,23,27,58,69,Gordon Setter,Find and point gamebirds,Sporting,10,12,"Fearless, Alert, Loyal, Confident, Gay, Eager",,SJ5vzx5NX,"{'id': 'SJ5vzx5NX', 'width': 622, 'height': 467, 'url': 'https://cdn2.thedogapi.com/images/SJ5vzx5NX.jpg'}",
124,110,190,50,86,28,32,71,81,Great Dane,"Hunting & holding boars, Guardian",Working,7,10,"Friendly, Devoted, Reserved, Gentle, Confident, Loving",,B1Edfl9NX,"{'id': 'B1Edfl9NX', 'width': 800, 'height': 732, 'url': 'https://cdn2.thedogapi.com/images/B1Edfl9NX.jpg'}",
125,85,115,39,52,25,32,64,81,Great Pyrenees,Sheep guardian,Working,10,12,"Strong Willed, Fearless, Affectionate, Patient, Gentle, Confident",,B12uzg9V7,"{'id': 'B12uzg9V7', 'width': 800, 'height': 550, 'url': 'https://cdn2.thedogapi.com/images/B12uzg9V7.png'}",
127,50,70,23,32,27,30,69,76,Greyhound,Coursing hares,Hound,10,13,"Affectionate, Athletic, Gentle, Intelligent, Quiet, Even Tempered",,ryNYMx94X,"{'id': 'ryNYMx94X', 'width': 1024, 'height': 681, 'url': 'https://cdn2.thedogapi.com/images/ryNYMx94X.jpg'}",
128,12,12,5,5,9,11,23,28,Griffon Bruxellois,Hunt and kill vermin in stables,,10,15,"Self-important, Inquisitive, Alert, Companionable, Sensitive, Watchful",,ryoYGec4Q,"{'id': 'ryoYGec4Q', 'width': 645, 'height': 380, 'url': 'https://cdn2.thedogapi.com/images/ryoYGec4Q.jpg'}",
129,40,60,18,27,18,22,46,56,Harrier,Hunting hares by trailing them,Hound,12,15,"Outgoing, Friendly, Cheerful, Sweet-Tempered, Tolerant, Active",,B1IcfgqE7,"{'id': 'B1IcfgqE7', 'width': 1920, 'height': 1080, 'url': 'https://cdn2.thedogapi.com/images/B1IcfgqE7.jpg'}",
130,7,13,3,6,8.5,11.5,22,29,Havanese,Companionship,Toy,14,15,"Affectionate, Responsive, Playful, Companionable, Gentle, Intelligent",,rkXiGl9V7,"{'id': 'rkXiGl9V7', 'width': 800, 'height': 507, 'url': 'https://cdn2.thedogapi.com/images/rkXiGl9V7.jpg'}",
134,35,70,16,32,24,27,61,69,Irish Setter,"Bird setting, retrieving",Sporting,10,11,"Affectionate, Energetic, Lively, Independent, Playful, Companionable",,S1osGeqVm,"{'id': 'S1osGeqVm', 'width': 818, 'height': 522, 'url': 'https://cdn2.thedogapi.com/images/S1osGeqVm.jpg'}",
135,25,27,11,12,18,18,46,46,Irish Terrier,,Terrier,12,16,"Respectful, Lively, Intelligent, Dominant, Protective, Trainable",,By-hGecVX,"{'id': 'By-hGecVX', 'width': 800, 'height': 626, 'url': 'https://cdn2.thedogapi.com/images/By-hGecVX.jpg'}",
137,105,180,48,82,30,35,76,89,Irish Wolfhound,"Coursing wolves, elk",Hound,6,8,"Sweet-Tempered, Loyal, Dignified, Patient, Thoughtful, Generous",,Hyd2zgcEX,"{'id': 'Hyd2zgcEX', 'width': 1000, 'height': 630, 'url': 'https://cdn2.thedogapi.com/images/Hyd2zgcEX.jpg'}",
138,7,15,3,7,13,15,33,38,Italian Greyhound,Lapdog,Toy,12,15,"Mischievous, Affectionate, Agile, Athletic, Companionable, Intelligent",,SJAnzg9NX,"{'id': 'SJAnzg9NX', 'width': 640, 'height': 377, 'url': 'https://cdn2.thedogapi.com/images/SJAnzg9NX.jpg'}",
140,4,9,2,4,8,11,20,28,Japanese Chin,Lapdog,Toy,12,14,"Alert, Loyal, Independent, Intelligent, Loving, Cat-like",,r1H6feqEm,"{'id': 'r1H6feqEm', 'width': 900, 'height': 581, 'url': 'https://cdn2.thedogapi.com/images/r1H6feqEm.jpg'}",
141,15,19,7,9,12,15,30,38,Japanese Spitz,Companion,,10,16,"Affectionate, Obedient, Playful, Companionable, Intelligent, Proud",,HksaMxqNX,"{'id': 'HksaMxqNX', 'width': 600, 'height': 351, 'url': 'https://cdn2.thedogapi.com/images/HksaMxqNX.jpg'}",
142,35,45,16,20,17,18,43,46,Keeshond,Barge watchdog,Non-Sporting,12,15,"Agile, Obedient, Playful, Quick, Sturdy, Bright",,S1GAGg9Vm,"{'id': 'S1GAGg9Vm', 'width': 1024, 'height': 683, 'url': 'https://cdn2.thedogapi.com/images/S1GAGg9Vm.jpg'}",
144,80,100,36,45,25.5,27.5,65,70,Komondor,Sheep guardian,Working,10,12,"Steady, Fearless, Affectionate, Independent, Gentle, Calm",,Bko0fl547,"{'id': 'Bko0fl547', 'width': 1030, 'height': 772, 'url': 'https://cdn2.thedogapi.com/images/Bko0fl547.jpg'}",
145,20,30,9,14,14,16,36,41,Kooikerhondje,"Luring ducks into traps - ""tolling""",Sporting,12,15,"Benevolent, Agile, Alert, Intelligent, Active, Territorial",,kOMy84GQE,"{'id': 'kOMy84GQE', 'width': 1080, 'height': 1080, 'url': 'https://cdn2.thedogapi.com/images/kOMy84GQE.jpg'}",
147,70,115,32,52,26,30,66,76,Kuvasz,"Guardian, hunting large game",Working,8,10,"Clownish, Loyal, Patient, Independent, Intelligent, Protective",,BykZ7ecVX,"{'id': 'BykZ7ecVX', 'width': 960, 'height': 768, 'url': 'https://cdn2.thedogapi.com/images/BykZ7ecVX.jpg'}",
149,55,80,25,36,21.5,24.5,55,62,Labrador Retriever,Water retrieving,Sporting,10,13,"Kind, Outgoing, Agile, Gentle, Intelligent, Trusting, Even Tempered",,B1uW7l5VX,"{'id': 'B1uW7l5VX', 'width': 992, 'height': 667, 'url': 'https://cdn2.thedogapi.com/images/B1uW7l5VX.jpg'}",
151,24,35,11,16,16,19,41,48,Lagotto Romagnolo,Water retrieval dog in the marshes of Romagna,Sporting,14,16,"Keen, Loyal, Companionable, Loving, Active, Trainable",,ryzzmgqE7,"{'id': 'ryzzmgqE7', 'width': 1600, 'height': 1200, 'url': 'https://cdn2.thedogapi.com/images/ryzzmgqE7.jpg'}",
153,6,13,3,6,10,12,25,30,Lancashire Heeler,"Cattle herding, Ratting, Driving cattle to market.",,12,15,"Clever, Friendly, Alert, Intelligent",,S1RGml5Em,"{'id': 'S1RGml5Em', 'width': 680, 'height': 453, 'url': 'https://cdn2.thedogapi.com/images/S1RGml5Em.jpg'}",
155,120,170,54,77,25.5,31.5,65,80,Leonberger,"Guardian, appearance.",Working,6,8,"Obedient, Fearless, Loyal, Companionable, Adaptable, Loving",,ByrmQlqVm,"{'id': 'ByrmQlqVm', 'width': 1024, 'height': 694, 'url': 'https://cdn2.thedogapi.com/images/ByrmQlqVm.jpg'}",
156,12,18,5,8,10,11,25,28,Lhasa Apso,"Guarding inside the home, companion",Non-Sporting,12,15,"Steady, Fearless, Friendly, Devoted, Assertive, Spirited, Energetic, Lively, Alert, Obedient, Playful, Intelligent",,SJp7Qe5EX,"{'id': 'SJp7Qe5EX', 'width': 680, 'height': 444, 'url': 'https://cdn2.thedogapi.com/images/SJp7Qe5EX.jpg'}",
161,4,7,2,3,8,10,20,25,Maltese,Lapdog,Toy,15,18,"Playful, Docile, Fearless, Affectionate, Sweet-Tempered, Lively, Responsive, Easygoing, Gentle, Intelligent, Active",,B1SV7gqN7,"{'id': 'B1SV7gqN7', 'width': 680, 'height': 453, 'url': 'https://cdn2.thedogapi.com/images/B1SV7gqN7.jpg'}",
165,20,40,9,18,13,18,33,46,Miniature American Shepherd,,Herding,12,15,"Energetic, Loyal, Intelligent, Trainable",,BkHHQgcN7,"{'id': 'BkHHQgcN7', 'width': 920, 'height': 640, 'url': 'https://cdn2.thedogapi.com/images/BkHHQgcN7.jpg'}",
167,8,11,4,5,10,12.5,25,32,Miniature Pinscher,Small vermin hunting,Toy,15,15,"Clever, Outgoing, Friendly, Energetic, Responsive, Playful",,Hy3H7g94X,"{'id': 'Hy3H7g94X', 'width': 1500, 'height': 1125, 'url': 'https://cdn2.thedogapi.com/images/Hy3H7g94X.jpg'}",
168,11,20,5,9,12,14,30,36,Miniature Schnauzer,Ratting,Terrier,12,14,"Fearless, Friendly, Spirited, Alert, Obedient, Intelligent",,SJIUQl9NX,"{'id': 'SJIUQl9NX', 'width': 800, 'height': 533, 'url': 'https://cdn2.thedogapi.com/images/SJIUQl9NX.jpg'}",
171,100,150,45,68,26,28,66,71,Newfoundland,"All purpose water dog, fishing aid",Working,8,10,"Sweet-Tempered, Gentle, Trainable",,Sk4DXl54m,"{'id': 'Sk4DXl54m', 'width': 1174, 'height': 986, 'url': 'https://cdn2.thedogapi.com/images/Sk4DXl54m.jpg'}",
172,11,12,5,5,9,10,23,25,Norfolk Terrier,"Ratting, fox bolting",Terrier,12,15,"Self-confidence, Fearless, Spirited, Companionable, Happy, Lovable",,B1ADQg94X,"{'id': 'B1ADQg94X', 'width': 1468, 'height': 1092, 'url': 'https://cdn2.thedogapi.com/images/B1ADQg94X.jpg'}",
176,11,12,5,5,10,10,25,25,Norwich Terrier,"Ratting, fox bolting",Terrier,12,15,"Hardy, Affectionate, Energetic, Sensitive, Intelligent",,BkgKXlqE7,"{'id': 'BkgKXlqE7', 'width': 1140, 'height': 640, 'url': 'https://cdn2.thedogapi.com/images/BkgKXlqE7.jpg'}",
177,35,50,16,23,17,21,43,53,Nova Scotia Duck Tolling Retriever,,Sporting,12,14,"Outgoing, Alert, Patient, Intelligent, Loving",,SyYtQe5V7,"{'id': 'SyYtQe5V7', 'width': 630, 'height': 420, 'url': 'https://cdn2.thedogapi.com/images/SyYtQe5V7.jpg'}",
178,60,100,27,45,21,21,53,53,Old English Sheepdog,"Driving sheep, cattle",Herding,10,12,"Sociable, Bubbly, Playful, Adaptable, Intelligent, Loving",,HkZ57lq4m,"{'id': 'HkZ57lq4m', 'width': 1334, 'height': 889, 'url': 'https://cdn2.thedogapi.com/images/HkZ57lq4m.jpg'}",
179,65,85,29,39,15,19,38,48,Olde English Bulldogge,,,9,14,"Friendly, Alert, Confident, Loving, Courageous, Strong",,B1d5me547,"{'id': 'B1d5me547', 'width': 554, 'height': 546, 'url': 'https://cdn2.thedogapi.com/images/B1d5me547.jpg'}",
181,3,12,1,5,8,11,20,28,Papillon,Lapdog,Toy,13,17,"Hardy, Friendly, Energetic, Alert, Intelligent, Happy",,SkJj7e547,"{'id': 'SkJj7e547', 'width': 960, 'height': 765, 'url': 'https://cdn2.thedogapi.com/images/SkJj7e547.jpg'}",
183,14,14,6,6,6,9,15,23,Pekingese,Lapdog,Toy,14,18,"Opinionated, Good-natured, Stubborn, Affectionate, Aggressive, Intelligent",,ByIiml9Nm,"{'id': 'ByIiml9Nm', 'width': 960, 'height': 640, 'url': 'https://cdn2.thedogapi.com/images/ByIiml9Nm.jpg'}",
184,25,30,11,14,10,12,25,30,Pembroke Welsh Corgi,Driving stock to market in northern Wales,Herding,12,14,"Tenacious, Outgoing, Friendly, Bold, Playful, Protective",,rJ6iQeqEm,"{'id': 'rJ6iQeqEm', 'width': 1280, 'height': 720, 'url': 'https://cdn2.thedogapi.com/images/rJ6iQeqEm.jpg'}",
185,88,110,40,50,22,25.5,56,65,Perro de Presa Canario,,Working,10,12,"Strong Willed, Suspicious, Gentle, Dominant, Calm",,S1V3Qeq4X,"{'id': 'S1V3Qeq4X', 'width': 600, 'height': 483, 'url': 'https://cdn2.thedogapi.com/images/S1V3Qeq4X.jpg'}",
188,40,60,18,27,21,25,53,64,Pharaoh Hound,Hunting rabbits,Hound,12,14,"Affectionate, Sociable, Playful, Intelligent, Active, Trainable",,Byz6mgqEQ,"{'id': 'Byz6mgqEQ', 'width': 3918, 'height': 2938, 'url': 'https://cdn2.thedogapi.com/images/Byz6mgqEQ.jpg'}",
189,40,60,18,27,20,25,51,64,Plott,Hunting big-game like Boar.,Hound,12,14,"Bold, Alert, Loyal, Intelligent",,B1i67l5VQ,"{'id': 'B1i67l5VQ', 'width': 640, 'height': 480, 'url': 'https://cdn2.thedogapi.com/images/B1i67l5VQ.jpg'}",
193,3,7,1,3,8,12,20,30,Pomeranian,Companion,Toy,15,15,"Extroverted, Friendly, Sociable, Playful, Intelligent, Active",,HJd0XecNX,"{'id': 'HJd0XecNX', 'width': 800, 'height': 532, 'url': 'https://cdn2.thedogapi.com/images/HJd0XecNX.jpg'}",
196,15,17,7,8,11,15,28,38,Poodle (Miniature),,,12,15,,,Hkxk4ecVX,"{'id': 'Hkxk4ecVX', 'width': 1280, 'height': 853, 'url': 'https://cdn2.thedogapi.com/images/Hkxk4ecVX.jpg'}",
197,6,9,3,4,9,11,23,28,Poodle (Toy),,,18,18,,,rJFJVxc4m,"{'id': 'rJFJVxc4m', 'width': 620, 'height': 403, 'url': 'https://cdn2.thedogapi.com/images/rJFJVxc4m.jpg'}",
201,14,18,6,8,10,12,25,30,Pug,Lapdog,Toy,12,14,"Docile, Clever, Charming, Stubborn, Sociable, Playful, Quiet, Attentive",,HyJvcl9N7,"{'id': 'HyJvcl9N7', 'width': 800, 'height': 600, 'url': 'https://cdn2.thedogapi.com/images/HyJvcl9N7.jpg'}",
204,25,35,11,16,16,17,41,43,Puli,Herding,Herding,12,16,"Energetic, Agile, Loyal, Obedient, Intelligent, Faithful",,ryPgVl5N7,"{'id': 'ryPgVl5N7', 'width': 1199, 'height': 829, 'url': 'https://cdn2.thedogapi.com/images/ryPgVl5N7.jpg'}",
205,18,33,8,15,15,18.5,38,47,Pumi,,Herding,13,15,"Lively, Reserved, Intelligent, Active, Protective, Vocal",,SyRe4xcN7,"{'id': 'SyRe4xcN7', 'width': 695, 'height': 391, 'url': 'https://cdn2.thedogapi.com/images/SyRe4xcN7.jpg'}",
207,8,25,4,11,10,13,25,33,Rat Terrier,,Terrier,12,18,"Affectionate, Lively, Inquisitive, Alert, Intelligent, Loving",,HkXWNl9E7,"{'id': 'HkXWNl9E7', 'width': 825, 'height': 689, 'url': 'https://cdn2.thedogapi.com/images/HkXWNl9E7.jpg'}",
208,45,80,20,36,21,27,53,69,Redbone Coonhound,"Hunting raccoon, deer, bear, and cougar.",Hound,10,12,"Affectionate, Energetic, Independent, Companionable, Familial, Unflappable",,HJMzEl5N7,"{'id': 'HJMzEl5N7', 'width': 1537, 'height': 1323, 'url': 'https://cdn2.thedogapi.com/images/HJMzEl5N7.jpg'}",
209,75,80,34,36,24,27,61,69,Rhodesian Ridgeback,"Big game hunting, guarding",Hound,10,12,"Strong Willed, Mischievous, Loyal, Dignified, Sensitive, Intelligent",,By9zNgqE7,"{'id': 'By9zNgqE7', 'width': 1000, 'height': 667, 'url': 'https://cdn2.thedogapi.com/images/By9zNgqE7.jpg'}",
210,75,110,34,50,22,27,56,69,Rottweiler,"Cattle drover, guardian, draft",Working,8,10,"Steady, Good-natured, Fearless, Devoted, Alert, Obedient, Confident, Self-assured, Calm, Courageous",,r1xXEgcNX,"{'id': 'r1xXEgcNX', 'width': 736, 'height': 595, 'url': 'https://cdn2.thedogapi.com/images/r1xXEgcNX.jpg'}",
211,3,6,1,3,7.5,10.5,19,27,Russian Toy,,Toy,10,12,,,HkP7Vxc4Q,"{'id': 'HkP7Vxc4Q', 'width': 645, 'height': 380, 'url': 'https://cdn2.thedogapi.com/images/HkP7Vxc4Q.jpg'}",
212,130,180,59,82,25.5,27.5,65,70,Saint Bernard,"Draft, search, rescue",Working,7,10,"Friendly, Lively, Gentle, Watchful, Calm",,_Qf9nfRzL,"{'id': '_Qf9nfRzL', 'width': 1080, 'height': 1084, 'url': 'https://cdn2.thedogapi.com/images/_Qf9nfRzL.png'}",
213,35,65,16,29,23,28,58,71,Saluki,Coursing gazelle and hare,Hound,12,14,"Aloof, Reserved, Intelligent, Quiet",,fjFIuehNo,"{'id': 'fjFIuehNo', 'width': 750, 'height': 450, 'url': 'https://cdn2.thedogapi.com/images/fjFIuehNo.jpg'}",
214,50,60,23,27,19,23.5,48,60,Samoyed,"Herding reindeer, guardian, draft",Working,12,14,"Stubborn, Friendly, Sociable, Lively, Alert, Playful",,S1T8Ee9Nm,"{'id': 'S1T8Ee9Nm', 'width': 1200, 'height': 797, 'url': 'https://cdn2.thedogapi.com/images/S1T8Ee9Nm.jpg'}",
216,10,16,5,7,10,13,25,33,Schipperke,Barge watchdog,Non-Sporting,13,15,"Fearless, Agile, Curious, Independent, Confident, Faithful",,SyBvVgc47,"{'id': 'SyBvVgc47', 'width': 1024, 'height': 681, 'url': 'https://cdn2.thedogapi.com/images/SyBvVgc47.jpg'}",
218,70,130,32,59,28,32,71,81,Scottish Deerhound,Coursing deer,Hound,8,10,"Docile, Friendly, Dignified, Gentle",,SkNjqx9NQ,"{'id': 'SkNjqx9NQ', 'width': 700, 'height': 480, 'url': 'https://cdn2.thedogapi.com/images/SkNjqx9NQ.jpg'}",
219,18,22,8,10,10,10,25,25,Scottish Terrier,Vermin hunting,Terrier,11,13,"Feisty, Alert, Independent, Playful, Quick, Self-assured",,Bklnce5NX,"{'id': 'Bklnce5NX', 'width': 1280, 'height': 976, 'url': 'https://cdn2.thedogapi.com/images/Bklnce5NX.jpg'}",
221,30,30,14,14,13,16,33,41,Shetland Sheepdog,Sheep herding,Herding,12,14,"Affectionate, Lively, Responsive, Alert, Loyal, Reserved, Playful, Gentle, Intelligent, Active, Trainable, Strong",,rJa29l9E7,"{'id': 'rJa29l9E7', 'width': 824, 'height': 640, 'url': 'https://cdn2.thedogapi.com/images/rJa29l9E7.jpg'}",
222,17,23,8,10,13.5,16.5,34,42,Shiba Inu,"Hunting in the mountains of Japan, Alert Watchdog",Non-Sporting,12,16,"Charming, Fearless, Keen, Alert, Confident, Faithful",,Zn3IjPX3f,"{'id': 'Zn3IjPX3f', 'width': 1080, 'height': 1080, 'url': 'https://cdn2.thedogapi.com/images/Zn3IjPX3f.jpg'}",
223,9,16,4,7,8,11,20,28,Shih Tzu,Lapdog,Toy,10,18,"Clever, Spunky, Outgoing, Friendly, Affectionate, Lively, Alert, Loyal, Independent, Playful, Gentle, Intelligent, Happy, Active, Courageous",,BkrJjgcV7,"{'id': 'BkrJjgcV7', 'width': 800, 'height': 600, 'url': 'https://cdn2.thedogapi.com/images/BkrJjgcV7.jpg'}",
225,120,140,54,64,26,30,66,76,Shiloh Shepherd,"Swimming, Carrying backpacks, Pulling carts or sleds",,9,14,"Outgoing, Loyal, Companionable, Gentle, Loving, Trainable",,SJJxjecEX,"{'id': 'SJJxjecEX', 'width': 1005, 'height': 803, 'url': 'https://cdn2.thedogapi.com/images/SJJxjecEX.jpg'}",
226,35,60,16,27,20,23.5,51,60,Siberian Husky,Sled pulling,Working,12,12,"Outgoing, Friendly, Alert, Gentle, Intelligent",,S17ZilqNm,"{'id': 'S17ZilqNm', 'width': 1920, 'height': 1280, 'url': 'https://cdn2.thedogapi.com/images/S17ZilqNm.jpg'}",
228,8,10,4,5,9,10,23,25,Silky Terrier,"Small vermin hunting, companionship",Toy,12,15,"Friendly, Responsive, Inquisitive, Alert, Quick, Joyful",,ByzGsl5Nm,"{'id': 'ByzGsl5Nm', 'width': 1599, 'height': 1142, 'url': 'https://cdn2.thedogapi.com/images/ByzGsl5Nm.jpg'}",
232,13,18,6,8,15.5,15.5,39,39,Smooth Fox Terrier,Fox bolting,Terrier,12,14,"Fearless, Affectionate, Alert, Playful, Intelligent, Active",,Syszjx9Em,"{'id': 'Syszjx9Em', 'width': 1600, 'height': 1031, 'url': 'https://cdn2.thedogapi.com/images/Syszjx9Em.jpg'}",
233,30,40,14,18,16,18,41,46,Soft Coated Wheaten Terrier,"Vermin hunting, guarding, all-around farm helper",Terrier,12,15,"Affectionate, Spirited, Energetic, Playful, Intelligent, Faithful",,HJHmix5NQ,"{'id': 'HJHmix5NQ', 'width': 1200, 'height': 800, 'url': 'https://cdn2.thedogapi.com/images/HJHmix5NQ.jpg'}",
235,30,50,14,23,16,20,41,51,Spanish Water Dog,Herding flocks of sheep and goats from one pasture to another,Sporting,12,15,"Trainable, Diligent, Affectionate, Loyal, Athletic, Intelligent",,HJf4jl9VX,"{'id': 'HJf4jl9VX', 'width': 1200, 'height': 922, 'url': 'https://cdn2.thedogapi.com/images/HJf4jl9VX.jpg'}",
236,61,85,28,39,22.5,27.5,57,70,Spinone Italiano,,Sporting,10,12,"Docile, Friendly, Affectionate, Loyal, Patient, Gentle",,rk5Eoe5Nm,"{'id': 'rk5Eoe5Nm', 'width': 1030, 'height': 772, 'url': 'https://cdn2.thedogapi.com/images/rk5Eoe5Nm.jpg'}",
238,24,38,11,17,14,16,36,41,Staffordshire Bull Terrier,,Terrier,12,14,"Reliable, Fearless, Bold, Affectionate, Loyal, Intelligent, Courageous",,H1zSie9V7,"{'id': 'H1zSie9V7', 'width': 1280, 'height': 852, 'url': 'https://cdn2.thedogapi.com/images/H1zSie9V7.jpg'}",
239,30,50,14,23,17.5,19.5,44,50,Standard Schnauzer,"Ratting, guarding",Working,13,15,"Trainable, Good-natured, Devoted, Lively, Playful, Intelligent",,tmzeu6ID_,"{'id': 'tmzeu6ID_', 'width': 650, 'height': 585, 'url': 'https://cdn2.thedogapi.com/images/tmzeu6ID_.jpg'}",
242,20,30,9,14,11.5,13.5,29,34,Swedish Vallhund,,Herding,12,14,"Fearless, Friendly, Energetic, Alert, Intelligent, Watchful",,HJ-Dix94Q,"{'id': 'HJ-Dix94Q', 'width': 1280, 'height': 851, 'url': 'https://cdn2.thedogapi.com/images/HJ-Dix94Q.jpg'}",
243,35,55,16,25,20,24,51,61,Thai Ridgeback,,Hound,10,12,"Protective, Loyal, Independent, Intelligent, Loving, Familial",,zv89hR-O8,"{'id': 'zv89hR-O8', 'width': 1080, 'height': 720, 'url': 'https://cdn2.thedogapi.com/images/zv89hR-O8.jpg'}",
244,85,140,39,64,24,26,61,66,Tibetan Mastiff,,Working,10,14,"Strong Willed, Tenacious, Aloof, Stubborn, Intelligent, Protective",,SkM9sec47,"{'id': 'SkM9sec47', 'width': 1600, 'height': 1375, 'url': 'https://cdn2.thedogapi.com/images/SkM9sec47.jpg'}",
245,9,15,4,7,10,10,25,25,Tibetan Spaniel,,Non-Sporting,12,15,"Willful, Aloof, Assertive, Independent, Playful, Intelligent, Happy",,Hyjcol947,"{'id': 'Hyjcol947', 'width': 1023, 'height': 825, 'url': 'https://cdn2.thedogapi.com/images/Hyjcol947.jpg'}",
246,20,24,9,11,14,17,36,43,Tibetan Terrier,"Good luck charms, mascots, watchdogs, herding dogs, and companions",Non-Sporting,12,15,"Affectionate, Energetic, Amiable, Reserved, Gentle, Sensitive",,6f5n_42mB,"{'id': '6f5n_42mB', 'width': 981, 'height': 1226, 'url': 'https://cdn2.thedogapi.com/images/6f5n_42mB.jpg'}",
248,4,9,2,4,8,11,20,28,Toy Fox Terrier,,Toy,12,15,"Friendly, Spirited, Alert, Loyal, Playful, Intelligent",,B17ase9V7,"{'id': 'B17ase9V7', 'width': 1200, 'height': 1024, 'url': 'https://cdn2.thedogapi.com/images/B17ase9V7.jpg'}",
250,45,80,20,36,20,27,51,69,Treeing Walker Coonhound,,Hound,10,13,"Clever, Affectionate, Confident, Intelligent, Loving, Trainable",,SkRpsgc47,"{'id': 'SkRpsgc47', 'width': 1920, 'height': 1080, 'url': 'https://cdn2.thedogapi.com/images/SkRpsgc47.jpg'}",
251,50,65,23,29,21,24,53,61,Vizsla,Pointing and trailing,Sporting,10,14,"Affectionate, Energetic, Loyal, Gentle, Quiet",,r1o0jx9Em,"{'id': 'r1o0jx9Em', 'width': 2269, 'height': 1276, 'url': 'https://cdn2.thedogapi.com/images/r1o0jx9Em.jpg'}",
253,55,90,25,41,23,27,58,69,Weimaraner,Large game trailing and versatile gundog,Sporting,12,15,"Steady, Aloof, Stubborn, Energetic, Alert, Intelligent, Powerful, Fast",,SyU12l9V7,"{'id': 'SyU12l9V7', 'width': 901, 'height': 954, 'url': 'https://cdn2.thedogapi.com/images/SyU12l9V7.jpg'}",
254,35,55,16,25,17,19,43,48,Welsh Springer Spaniel,Flushing and retrieving birds,Sporting,12,15,"Stubborn, Friendly, Affectionate, Loyal, Playful, Active",,BJ1gnx5Vm,"{'id': 'BJ1gnx5Vm', 'width': 1331, 'height': 944, 'url': 'https://cdn2.thedogapi.com/images/BJ1gnx5Vm.jpg'}",
256,15,22,7,10,10,11,25,28,West Highland White Terrier,"Fox, badger, vermin hunting",Terrier,15,20,"Hardy, Friendly, Alert, Independent, Gay, Active, Courageous",,Bkdx2g5Em,"{'id': 'Bkdx2g5Em', 'width': 1065, 'height': 1032, 'url': 'https://cdn2.thedogapi.com/images/Bkdx2g5Em.jpg'}",
257,25,35,11,16,18,22,46,56,Whippet,"Coursing, racing",Hound,12,15,"Friendly, Affectionate, Lively, Gentle, Intelligent, Quiet",,Hyv-ne94m,"{'id': 'Hyv-ne94m', 'width': 1600, 'height': 1071, 'url': 'https://cdn2.thedogapi.com/images/Hyv-ne94m.jpg'}",
258,60,85,27,39,22,25,56,64,White Shepherd,,,12,14,"Self-confidence, Aloof, Fearless, Alert, Companionable, Eager",,r14M3e9E7,"{'id': 'r14M3e9E7', 'width': 1200, 'height': 800, 'url': 'https://cdn2.thedogapi.com/images/r14M3e9E7.jpg'}",
259,15,19,7,9,13,16,33,41,Wire Fox Terrier,"Vermin hunting, fox bolting",,13,14,"Fearless, Friendly, Bold, Keen, Alert, Quick",,SJ6f2g9EQ,"{'id': 'SJ6f2g9EQ', 'width': 1000, 'height': 795, 'url': 'https://cdn2.thedogapi.com/images/SJ6f2g9EQ.jpg'}",
260,45,70,20,32,20,24,51,61,Wirehaired Pointing Griffon,"Gundog, ""swamp-tromping"", Flushing, pointing, and retrieving water fowl & game birds",Sporting,12,14,"Loyal, Gentle, Vigilant, Trainable, Proud",,Bkam2l9Vm,"{'id': 'Bkam2l9Vm', 'width': 2328, 'height': 1604, 'url': 'https://cdn2.thedogapi.com/images/Bkam2l9Vm.jpg'}",
261,45,65,20,29,21.5,25,55,64,Wirehaired Vizsla,,Sporting,12,14,,,r1I4hl5Em,"{'id': 'r1I4hl5Em', 'width': 1024, 'height': 770, 'url': 'https://cdn2.thedogapi.com/images/r1I4hl5Em.jpg'}",
262,9,31,4,14,10,23,25,58,Xoloitzcuintli,,Non-Sporting,12,14,"Cheerful, Alert, Companionable, Intelligent, Protective, Calm",,HkNS3gqEm,"{'id': 'HkNS3gqEm', 'width': 1500, 'height': 1350, 'url': 'https://cdn2.thedogapi.com/images/HkNS3gqEm.jpg'}",
264,4,7,2,3,8,9,20,23,Yorkshire Terrier,Small vermin hunting,Toy,12,16,"Bold, Independent, Confident, Intelligent, Courageous",,B12BnxcVQ,"{'id': 'B12BnxcVQ', 'width': 1024, 'height': 683, 'url': 'https://cdn2.thedogapi.com/images/B12BnxcVQ.jpg'}",