brand,name,price,review,message
Piggy Poo and Crew,Piggy Poo and Crew  Pig Rooting Snuffle Mat & Snuffle Rattle Ball,$39.85,1,"Spend $100, Get $30 eGift Card With Code: FALL2022"
Piggy Poo and Crew,Piggy Poo and Crew  Pig Rooting Snuffle Mat & Orange Snuffle Rattle Ball,$39.91,4,"Spend $100, Get $30 eGift Card With Code: FALL2022"
Piggy Poo and Crew,Piggy Poo and Crew  Purple Snuffle Mat,$24.54,20,"Spend $100, Get $30 eGift Card With Code: FALL2022"
Piggy Poo and Crew,"Piggy Poo and Crew  Rooting Snuffle Pig Mat, Rainbow, 18 x 20-in",$24.99,7,"Spend $100, Get $30 eGift Card With Code: FALL2022"
Pet Life,"Pet Life  Sniffer Grip Interactive Anti-Skid Suction Snuffle Dog & Cat Mat, Grey",$29.99,2,More Choices Available
Piggy Poo and Crew,Piggy Poo and Crew  Colorful Activity Snuffle Mat,$24.91,14,"Spend $100, Get $30 eGift Card With Code: FALL2022"
Piggy Poo and Crew,"Piggy Poo and Crew  Pig Rooting Snuffle Activity Mat, Small",$24.99,36,"Spend $100, Get $30 eGift Card With Code: FALL2022"
Archstone Pets,"Archstone Pets  Snuffle Interactive Dog & Cat Feeding Mat, 29 x 29-in, Brown, Green, Yellow",$34.99,9,"Spend $100, Get $30 eGift Card With Code: FALL2022"
Piggy Poo and Crew,"Piggy Poo and Crew  Rooting Snuffle Pig Mat, Gray, 18 x 20-in",$24.99,1,"Spend $100, Get $30 eGift Card With Code: FALL2022"
Pet Life,"Pet Life  Sniffer Snack Interactive Feeding Snuffle Dog & Cat Mat, Grey/Red/Blue",$33.48,2,More Choices Available
fouFIT,"fouFIT  Hide 'n Seek Snuffle Mat Dog Toys, Blue",$44.99,5,More Choices Available
Piggy Poo and Crew,Piggy Poo and Crew  Rooting Snuffle Pig Mat,$29.21,11,"Spend $100, Get $30 eGift Card With Code: FALL2022"
Piggy Poo and Crew,"Piggy Poo and Crew  Pig Rooting Snuffle Mat, Large",$29.53,1,"Spend $100, Get $30 eGift Card With Code: FALL2022"
PAW5,PAW5  Wooly Snuffle Dog Feeding Mat,$39.95,180,FREE 1-3 day shipping over $49
Piggy Poo and Crew,"Piggy Poo and Crew  Pig Rooting Snuffle Mat, Medium",$24.60,8,More Choices Available
Piggy Poo and Crew,"Piggy Poo and Crew  Custom Pig Face Rooting Snuffle Pig Mat, 18 x 20-in",$29.99,8,"Spend $100, Get $30 eGift Card With Code: FALL2022"
Piggy Poo and Crew,Piggy Poo and Crew  Activity Rooting Large Snuffle Mat & Piano Pig Toy,$42.00,1,"Spend $100, Get $30 eGift Card With Code: FALL2022"
Piggy Poo and Crew,"Piggy Poo and Crew  Pig Rooting Snuffle Mat Combo Pack, 2 count",$52.99,1,"Spend $100, Get $30 eGift Card With Code: FALL2022"
Piggy Poo and Crew,"Piggy Poo and Crew  Pig Rooting Snuffle Mat Combo Pack, 3 count",$63.46,4,"Spend $100, Get $30 eGift Card With Code: FALL2022"
Piggy Poo and Crew,Piggy Poo and Crew  Hide & Slide Snuffle Mat Farm Animal Treat Game,$19.99,-1,"Spend $100, Get $30 eGift Card With Code: FALL2022"
Piggy Poo and Crew,"Piggy Poo and Crew  Farm Animal Snuffle Mat, Assorted Colors, 4 count",$94.50,-1,"Spend $100, Get $30 eGift Card With Code: FALL2022"
Bundle:,"Bundle: Piggy Poo and Crew Rooting Snuffle Activity Mat, Small + Pillow",$70.90,-1,"Spend $100, Get $30 eGift Card With Code: FALL2022"
Pet Parents,"Pet Parents  Forager Cat & Dog Snuffle Mat, Grey, Medium",-1,36,More Choices Available
Pet Parents,"Pet Parents  Forager Snuffle Mat & Slow Feeder Dog Bowl, Brown/Green",-1,30,More Choices Available
Wee-Wee,"Wee-Wee  Pads Gigantic Dog Pee Pads, 27.5 x 44-in, 18 count, Unscented",$19.13,234,More Choices Available
Wee-Wee,"Wee-Wee  Pads Unscented Super Absorbent Adult Dog Pee Pads, 24x24-in, 75 count",$34.28,285,More Choices Available
Frisco,"Frisco  Extra Large Dog Training & Potty Pads, 28 x 34-in, Unscented, 40 count",$26.28,2236,More Choices Available
Frisco,"Frisco  Giant Dog Training & Potty Pads, 27.5 x 44-in, Unscented, 30 count",$22.12,1592,More Choices Available
Piggy Poo and Crew,Piggy Poo and Crew  Pig Rooting Snuffle Mat & Snuffle Rattle Ball,$39.85,1,"Spend $100, Get $30 eGift Card With Code: FALL2022"
Piggy Poo and Crew,Piggy Poo and Crew  Pig Rooting Snuffle Mat & Orange Snuffle Rattle Ball,$39.91,4,"Spend $100, Get $30 eGift Card With Code: FALL2022"
Piggy Poo and Crew,Piggy Poo and Crew  Purple Snuffle Mat,$24.54,20,"Spend $100, Get $30 eGift Card With Code: FALL2022"
Piggy Poo and Crew,"Piggy Poo and Crew  Rooting Snuffle Pig Mat, Rainbow, 18 x 20-in",$24.99,7,"Spend $100, Get $30 eGift Card With Code: FALL2022"
